{
  "id": "hotpot-daggerheart",
  "title": "Hotpot-Daggerheart-Jesuisfrog",
  "description": "",
  "version": "1.0.0",
  "compatibility": {
    "minimun": "13",
    "verified": "13"
  },
  "authors": [
    {
      "name": "JoaquinP",
      "url": "https://github.com/joaquinpereyra98",
      "email": "joaquinpereyra98@gmail.com",
      "discord": "joaquinp98"
    },
    {
      "name": "Jesuisfrog",
      "url": "https://github.com/jesuisfrog"
    }
  ],
  "url": "https://github.com/jesuisfrog/hotpot-daggerheart",
  "download": "https://github.com/jesuisfrog/hotpot-daggerheart/raw/refs/heads/main/hotpot-daggerheart.zip",
  "manifest": "https://raw.githubusercontent.com/jesuisfrog/hotpot-daggerheart/refs/heads/main/module.json",
  "readme": "README.md",
  "socket": false,
  "languages": [
    {
      "lang": "en",
      "name": "English",
      "path": "lang/en.json"
    }
  ],
  "relationships": {
    "requires": [],
    "recommends": []
  },
  "esmodules": [
    "hotpot.mjs"
  ],
  "styles": [
    "styles/hotpot.css"
  ],
  "documentTypes": {
    "Item": {
      "ingredient": {
        "htmlFields": [
          "description"
        ]
      }
    },
    "ChatMessage": {
      "hotpot": {
        "htmlFields": [
          "recipe.description"
        ],
        "gmOnlyFields": [
          "completed",
          "collectedMatched"
        ]
      }
    }
  },
  "flags": {
    "hotReload": {
      "extensions": [
        "css",
        "hbs"
      ],
      "paths": [
        "styles/hotpot.css",
        "templates/"
      ]
    }
  }
}